{
	"credit": "Made with Blockbench",
	"textures": {
		"0": "custom/queen_bee",
		"particle": "custom/queen_bee"
	},
	"elements": [
		{
			"from": [3, 10, -5.8],
			"to": [12, 19, 3.2],
			"faces": {
				"north": {"uv": [6, 6.75, 7.125, 7.875], "texture": "#0"},
				"east": {"uv": [4.875, 6.75, 6, 7.875], "texture": "#0"},
				"south": {"uv": [8.25, 6.75, 9.375, 7.875], "texture": "#0"},
				"west": {"uv": [7.125, 6.75, 8.25, 7.875], "texture": "#0"},
				"up": {"uv": [7.125, 6.75, 6, 5.625], "texture": "#0"},
				"down": {"uv": [8.25, 5.625, 7.125, 6.75], "texture": "#0"}
			}
		},
		{
			"from": [1.5, 0, -2],
			"to": [13.5, 12, 10],
			"rotation": {"angle": 45, "axis": "x", "origin": [8, 8, 8]},
			"faces": {
				"north": {"uv": [1.5, 5.25, 3, 6.75], "texture": "#0"},
				"east": {"uv": [0, 5.25, 1.5, 6.75], "texture": "#0"},
				"south": {"uv": [4.5, 5.25, 6, 6.75], "texture": "#0"},
				"west": {"uv": [3, 5.25, 4.5, 6.75], "texture": "#0"},
				"up": {"uv": [3, 5.25, 1.5, 3.75], "texture": "#0"},
				"down": {"uv": [4.5, 3.75, 3, 5.25], "texture": "#0"}
			}
		},
		{
			"from": [0, -6.5, -1],
			"to": [15, 8.5, 14],
			"rotation": {"angle": -22.5, "axis": "x", "origin": [8, 8, 8]},
			"faces": {
				"north": {"uv": [5.625, 0, 3.75, 1.875], "rotation": 180, "texture": "#0"},
				"east": {"uv": [0, 1.875, 1.875, 3.75], "rotation": 270, "texture": "#0"},
				"south": {"uv": [3.75, 1.875, 1.875, 0], "texture": "#0"},
				"west": {"uv": [3.75, 1.875, 5.625, 3.75], "rotation": 90, "texture": "#0"},
				"up": {"uv": [1.875, 1.875, 3.75, 3.75], "rotation": 180, "texture": "#0"},
				"down": {"uv": [5.625, 1.875, 7.5, 3.75], "texture": "#0"}
			}
		},
		{
			"from": [4, 3, -5],
			"to": [6, 9, -5],
			"faces": {
				"north": {"uv": [1.625, 6.875, 1.875, 7.625], "texture": "#0"},
				"east": {"uv": [1.5, 6.875, 1.625, 7.625], "texture": "#0"},
				"south": {"uv": [2, 6.875, 2.25, 7.625], "texture": "#0"},
				"west": {"uv": [1.875, 6.875, 2, 7.625], "texture": "#0"},
				"up": {"uv": [1.875, 6.875, 1.625, 6.75], "texture": "#0"},
				"down": {"uv": [2.125, 6.75, 1.875, 6.875], "texture": "#0"}
			}
		},
		{
			"from": [4, 2, -3],
			"to": [6, 8, -3],
			"faces": {
				"north": {"uv": [2.375, 6.875, 2.625, 7.625], "texture": "#0"},
				"east": {"uv": [2.25, 6.875, 2.375, 7.625], "texture": "#0"},
				"south": {"uv": [2.75, 6.875, 3, 7.625], "texture": "#0"},
				"west": {"uv": [2.625, 6.875, 2.75, 7.625], "texture": "#0"},
				"up": {"uv": [2.625, 6.875, 2.375, 6.75], "texture": "#0"},
				"down": {"uv": [2.875, 6.75, 2.625, 6.875], "texture": "#0"}
			}
		},
		{
			"from": [4, 1, -1],
			"to": [6, 7, -1],
			"faces": {
				"north": {"uv": [0.125, 3.875, 0.375, 4.625], "texture": "#0"},
				"east": {"uv": [0, 3.875, 0.125, 4.625], "texture": "#0"},
				"south": {"uv": [0.5, 3.875, 0.75, 4.625], "texture": "#0"},
				"west": {"uv": [0.375, 3.875, 0.5, 4.625], "texture": "#0"},
				"up": {"uv": [0.375, 3.875, 0.125, 3.75], "texture": "#0"},
				"down": {"uv": [0.625, 3.75, 0.375, 3.875], "texture": "#0"}
			}
		},
		{
			"from": [9, 3, -5],
			"to": [11, 9, -5],
			"faces": {
				"north": {"uv": [0.875, 6.875, 1.125, 7.625], "texture": "#0"},
				"east": {"uv": [0.75, 6.875, 0.875, 7.625], "texture": "#0"},
				"south": {"uv": [1.25, 6.875, 1.5, 7.625], "texture": "#0"},
				"west": {"uv": [1.125, 6.875, 1.25, 7.625], "texture": "#0"},
				"up": {"uv": [1.125, 6.875, 0.875, 6.75], "texture": "#0"},
				"down": {"uv": [1.375, 6.75, 1.125, 6.875], "texture": "#0"}
			}
		},
		{
			"from": [9, 2, -3],
			"to": [11, 8, -3],
			"faces": {
				"north": {"uv": [0.125, 6.875, 0.375, 7.625], "texture": "#0"},
				"east": {"uv": [0, 6.875, 0.125, 7.625], "texture": "#0"},
				"south": {"uv": [0.5, 6.875, 0.75, 7.625], "texture": "#0"},
				"west": {"uv": [0.375, 6.875, 0.5, 7.625], "texture": "#0"},
				"up": {"uv": [0.375, 6.875, 0.125, 6.75], "texture": "#0"},
				"down": {"uv": [0.625, 6.75, 0.375, 6.875], "texture": "#0"}
			}
		},
		{
			"from": [9, 1, -1],
			"to": [11, 7, -1],
			"faces": {
				"north": {"uv": [0.875, 3.875, 1.125, 4.625], "texture": "#0"},
				"east": {"uv": [0.75, 3.875, 0.875, 4.625], "texture": "#0"},
				"south": {"uv": [1.25, 3.875, 1.5, 4.625], "texture": "#0"},
				"west": {"uv": [1.125, 3.875, 1.25, 4.625], "texture": "#0"},
				"up": {"uv": [1.125, 3.875, 0.875, 3.75], "texture": "#0"},
				"down": {"uv": [1.375, 3.75, 1.125, 3.875], "texture": "#0"}
			}
		},
		{
			"from": [5, 20.1, -7.6],
			"to": [5, 25.1, -1.6],
			"rotation": {"angle": -22.5, "axis": "x", "origin": [8, 8, 8]},
			"faces": {
				"north": {"uv": [0.75, 0.75, 0.875, 1.375], "texture": "#0"},
				"east": {"uv": [0, 0.75, 0.75, 1.375], "texture": "#0"},
				"south": {"uv": [1.625, 0.75, 1.75, 1.375], "texture": "#0"},
				"west": {"uv": [0.875, 0.75, 1.625, 1.375], "texture": "#0"},
				"up": {"uv": [0.875, 0.75, 0.75, 0], "texture": "#0"},
				"down": {"uv": [1, 0, 0.875, 0.75], "texture": "#0"}
			}
		},
		{
			"from": [10, 20.1, -7.6],
			"to": [10, 25.1, -1.6],
			"rotation": {"angle": -22.5, "axis": "x", "origin": [8, 8, 8]},
			"faces": {
				"north": {"uv": [6.375, 0.75, 6.5, 1.375], "texture": "#0"},
				"east": {"uv": [5.625, 0.75, 6.375, 1.375], "texture": "#0"},
				"south": {"uv": [7.25, 0.75, 7.375, 1.375], "texture": "#0"},
				"west": {"uv": [6.5, 0.75, 7.25, 1.375], "texture": "#0"},
				"up": {"uv": [6.5, 0.75, 6.375, 0], "texture": "#0"},
				"down": {"uv": [6.625, 0, 6.5, 0.75], "texture": "#0"}
			}
		},
		{
			"from": [7, -8, 12],
			"to": [9, -5, 13],
			"faces": {
				"north": {"uv": [0.125, 0.125, 0.375, 0.5], "texture": "#0"},
				"east": {"uv": [0, 0.125, 0.125, 0.5], "texture": "#0"},
				"south": {"uv": [0.5, 0.125, 0.75, 0.5], "texture": "#0"},
				"west": {"uv": [0.375, 0.125, 0.5, 0.5], "texture": "#0"},
				"up": {"uv": [0.375, 0.125, 0.125, 0], "texture": "#0"},
				"down": {"uv": [0.625, 0, 0.375, 0.125], "texture": "#0"}
			}
		},
		{
			"from": [-11, 11, -2],
			"to": [3, 12, 8],
			"faces": {
				"north": {"uv": [12.375, 10.375, 14, 12.5], "texture": "#0"},
				"east": {"uv": [12.375, 10.375, 14, 12.5], "texture": "#0"},
				"south": {"uv": [12.375, 10.375, 14, 12.5], "texture": "#0"},
				"west": {"uv": [12.375, 10.375, 14, 12.5], "texture": "#0"},
				"up": {"uv": [1.625, 8, 3.375, 9.375], "rotation": 270, "texture": "#0"},
				"down": {"uv": [0, 8, 1.75, 9.375], "rotation": 270, "texture": "#0"}
			}
		},
		{
			"from": [13, 11, -2],
			"to": [27, 12, 8],
			"faces": {
				"north": {"uv": [12.375, 10.375, 14, 12.5], "texture": "#0"},
				"east": {"uv": [12.375, 10.375, 14, 12.5], "texture": "#0"},
				"south": {"uv": [12.375, 10.375, 14, 12.5], "texture": "#0"},
				"west": {"uv": [12.375, 10.375, 14, 12.5], "texture": "#0"},
				"up": {"uv": [0, 8, 1.75, 9.375], "rotation": 90, "texture": "#0"},
				"down": {"uv": [1.625, 8, 3.375, 9.375], "rotation": 90, "texture": "#0"}
			}
		}
	],
	"display": {
		"head": {
			"translation": [0, -15, 0],
			"scale": [1.5, 1.5, 1.5]
		}
	}
}