{
	"credit": "Made with Blockbench",
	"texture_size": [32, 32],
	"textures": {
		"1": "item/stone",
		"2": "item/stripped_oak",
		"4": "item/grass_side",
		"5": "item/grass_top",
		"6": "item/redstone_side",
		"particle": "item/grass_top"
	},
	"elements": [
		{
			"from": [7, -1, 8],
			"to": [8, 13, 9],
			"faces": {
				"north": {"uv": [0, 0, 16, 16], "texture": "#2"},
				"east": {"uv": [0, 0, 16, 16], "texture": "#2"},
				"south": {"uv": [0, 0, 16, 16], "texture": "#2"},
				"west": {"uv": [0, 0, 16, 16], "texture": "#2"},
				"up": {"uv": [0, 0, 16, 16], "texture": "#2"},
				"down": {"uv": [0, 0, 16, 16], "texture": "#2"}
			}
		},
		{
			"from": [8, 13, 8],
			"to": [12, 14, 9],
			"rotation": {"angle": 0, "axis": "z", "origin": [8.5, 8.5, 8.5]},
			"faces": {
				"north": {"uv": [0, 0, 16, 5.5], "texture": "#4"},
				"east": {"uv": [0, 0, 5, 5], "rotation": 270, "texture": "#5"},
				"south": {"uv": [0, 0, 16, 5.5], "texture": "#4"},
				"west": {"uv": [0, 0, 1, 1], "rotation": 270, "texture": "#missing"},
				"up": {"uv": [0.5, 0, 7, 16], "rotation": 270, "texture": "#5"},
				"down": {"uv": [0, 0, 1, 4], "rotation": 270, "texture": "#missing"}
			}
		},
		{
			"from": [12, 12, 8],
			"to": [14, 13, 9],
			"rotation": {"angle": 0, "axis": "z", "origin": [8.5, 8.5, 8.5]},
			"faces": {
				"north": {"uv": [6, 0, 13.5, 6], "texture": "#4"},
				"east": {"uv": [0, 0, 5, 5], "rotation": 270, "texture": "#5"},
				"south": {"uv": [6, 0, 13.5, 6], "texture": "#4"},
				"west": {"uv": [0, 0, 0.5, 0.5], "rotation": 270, "texture": "#missing"},
				"up": {"uv": [0, 0, 6.5, 10], "rotation": 270, "texture": "#5"},
				"down": {"uv": [0, 0, 0.5, 1], "rotation": 270, "texture": "#missing"}
			}
		},
		{
			"from": [8, 12, 8],
			"to": [12, 13, 9],
			"rotation": {"angle": 0, "axis": "z", "origin": [8.5, 8.5, 8.5]},
			"faces": {
				"north": {"uv": [0, 0, 13, 5.5], "rotation": 180, "texture": "#4"},
				"east": {"uv": [0, 0, 0.5, 0.5], "rotation": 270, "texture": "#missing"},
				"south": {"uv": [0, 0, 13, 5.5], "rotation": 180, "texture": "#4"},
				"west": {"uv": [0, 0, 0.5, 0.5], "rotation": 270, "texture": "#missing"},
				"up": {"uv": [0, 0, 0.5, 2], "rotation": 270, "texture": "#missing"},
				"down": {"uv": [0.5, 0, 7, 16], "rotation": 270, "texture": "#5"}
			}
		},
		{
			"from": [11, 11, 8],
			"to": [14, 12, 9],
			"rotation": {"angle": 0, "axis": "z", "origin": [8.5, 8.5, 8.5]},
			"faces": {
				"north": {"uv": [0, 0, 13, 5.5], "rotation": 180, "texture": "#4"},
				"east": {"uv": [0, 0, 1, 1], "rotation": 270, "texture": "#missing"},
				"south": {"uv": [0, 0, 13, 5.5], "rotation": 180, "texture": "#4"},
				"west": {"uv": [0, 0, 5, 5], "rotation": 270, "texture": "#5"},
				"up": {"uv": [0, 0, 1, 4], "rotation": 270, "texture": "#missing"},
				"down": {"uv": [0, 0, 6.5, 10], "rotation": 270, "texture": "#5"}
			}
		},
		{
			"from": [14, 11, 8],
			"to": [15, 12, 9],
			"rotation": {"angle": 0, "axis": "z", "origin": [8.5, 8.5, 8.5]},
			"faces": {
				"north": {"uv": [3, 0, 6.5, 7], "texture": "#4"},
				"east": {"uv": [0, 0, 5, 5], "rotation": 270, "texture": "#5"},
				"south": {"uv": [12, 0, 15.5, 7], "texture": "#4"},
				"west": {"uv": [0, 0, 1, 1], "rotation": 270, "texture": "#missing"},
				"up": {"uv": [0, 0, 5, 5], "rotation": 270, "texture": "#5"},
				"down": {"uv": [0, 0, 1, 4], "rotation": 270, "texture": "#missing"}
			}
		},
		{
			"from": [13, 10, 8],
			"to": [14, 11, 9],
			"rotation": {"angle": 0, "axis": "z", "origin": [8.5, 8.5, 8.5]},
			"faces": {
				"north": {"uv": [3, 0, 6.5, 7], "rotation": 90, "texture": "#4"},
				"east": {"uv": [3, 0, 6.5, 7], "rotation": 90, "texture": "#4"},
				"south": {"uv": [8, 0, 11.5, 7], "rotation": 270, "texture": "#4"},
				"west": {"uv": [0, 0, 5, 5], "rotation": 270, "texture": "#5"},
				"up": {"uv": [3, 0, 6.5, 7], "rotation": 90, "texture": "#4"},
				"down": {"uv": [0, 0, 5, 5], "rotation": 270, "texture": "#5"}
			}
		},
		{
			"from": [14, 10, 8],
			"to": [15, 11, 9],
			"rotation": {"angle": 0, "axis": "z", "origin": [8.5, 8.5, 8.5]},
			"faces": {
				"north": {"uv": [3, 0, 6.5, 7], "rotation": 270, "texture": "#4"},
				"east": {"uv": [0, 0, 5, 5], "rotation": 270, "texture": "#5"},
				"south": {"uv": [3, 0, 6.5, 7], "rotation": 90, "texture": "#4"},
				"west": {"uv": [3, 0, 6.5, 7], "rotation": 270, "texture": "#4"},
				"up": {"uv": [3, 0, 6.5, 7], "rotation": 270, "texture": "#4"},
				"down": {"uv": [3, 0, 6.5, 7], "rotation": 270, "texture": "#4"}
			}
		},
		{
			"from": [14, 9, 8],
			"to": [15, 10, 9],
			"rotation": {"angle": 0, "axis": "z", "origin": [8.5, 8.5, 8.5]},
			"faces": {
				"north": {"uv": [3, 0, 6.5, 7], "rotation": 180, "texture": "#4"},
				"east": {"uv": [0, 0, 5, 5], "rotation": 270, "texture": "#5"},
				"south": {"uv": [3, 0, 6.5, 7], "rotation": 180, "texture": "#4"},
				"west": {"uv": [0, 0, 5, 5], "rotation": 270, "texture": "#5"},
				"up": {"uv": [3, 0, 6.5, 7], "rotation": 180, "texture": "#4"},
				"down": {"uv": [0, 0, 5, 5], "rotation": 270, "texture": "#5"}
			}
		},
		{
			"from": [6.75, 10, 7.75],
			"to": [8.25, 11, 9.25],
			"rotation": {"angle": 0, "axis": "z", "origin": [8.5, 8.5, 8.5]},
			"faces": {
				"north": {"uv": [0, 0, 9.5, 6], "rotation": 90, "texture": "#1"},
				"east": {"uv": [0, 0, 9.5, 6], "rotation": 90, "texture": "#1"},
				"south": {"uv": [0, 0, 9.5, 6], "rotation": 90, "texture": "#1"},
				"west": {"uv": [0, 0, 9.5, 6], "rotation": 90, "texture": "#1"},
				"up": {"uv": [0, 0, 9.5, 6], "rotation": 90, "texture": "#1"},
				"down": {"uv": [0, 0, 9.5, 6], "rotation": 90, "texture": "#1"}
			}
		},
		{
			"from": [6.75, 8, 7.75],
			"to": [8.25, 9, 9.25],
			"rotation": {"angle": 0, "axis": "z", "origin": [8.5, 8.5, 8.5]},
			"faces": {
				"north": {"uv": [0, 0, 9.5, 6], "rotation": 90, "texture": "#1"},
				"east": {"uv": [0, 0, 9.5, 6], "rotation": 90, "texture": "#1"},
				"south": {"uv": [0, 0, 9.5, 6], "rotation": 90, "texture": "#1"},
				"west": {"uv": [0, 0, 9.5, 6], "rotation": 90, "texture": "#1"},
				"up": {"uv": [0, 0, 9.5, 6], "rotation": 90, "texture": "#1"},
				"down": {"uv": [0, 0, 9.5, 6], "rotation": 90, "texture": "#1"}
			}
		},
		{
			"from": [6.75, 6, 7.75],
			"to": [8.25, 7, 9.25],
			"rotation": {"angle": 0, "axis": "z", "origin": [8.5, 8.5, 8.5]},
			"faces": {
				"north": {"uv": [0, 0, 9.5, 6], "rotation": 90, "texture": "#1"},
				"east": {"uv": [0, 0, 9.5, 6], "rotation": 90, "texture": "#1"},
				"south": {"uv": [0, 0, 9.5, 6], "rotation": 90, "texture": "#1"},
				"west": {"uv": [0, 0, 9.5, 6], "rotation": 90, "texture": "#1"},
				"up": {"uv": [0, 0, 9.5, 6], "rotation": 90, "texture": "#1"},
				"down": {"uv": [0, 0, 9.5, 6], "rotation": 90, "texture": "#1"}
			}
		},
		{
			"from": [6.75, -2, 7.75],
			"to": [8.25, 0, 9.25],
			"rotation": {"angle": 0, "axis": "z", "origin": [8.5, 8.5, 8.5]},
			"faces": {
				"north": {"uv": [0, 0, 16, 16], "rotation": 90, "texture": "#1"},
				"east": {"uv": [0, 0, 16, 16], "rotation": 90, "texture": "#1"},
				"south": {"uv": [0, 0, 16, 16], "rotation": 90, "texture": "#1"},
				"west": {"uv": [0, 0, 16, 16], "rotation": 90, "texture": "#1"},
				"up": {"uv": [0, 0, 16, 16], "rotation": 90, "texture": "#1"},
				"down": {"uv": [0, 0, 16, 16], "rotation": 90, "texture": "#1"}
			}
		},
		{
			"from": [6, 12, 7.5],
			"to": [9, 15, 9.5],
			"rotation": {"angle": 45, "axis": "z", "origin": [7.5, 13.5, 8.5]},
			"faces": {
				"north": {"uv": [0, 0, 16, 16], "rotation": 90, "texture": "#1"},
				"east": {"uv": [0, 0, 16, 16], "rotation": 90, "texture": "#1"},
				"south": {"uv": [0, 0, 16, 16], "rotation": 90, "texture": "#1"},
				"west": {"uv": [0, 0, 16, 16], "rotation": 90, "texture": "#1"},
				"up": {"uv": [0, 0, 16, 16], "rotation": 90, "texture": "#1"},
				"down": {"uv": [0, 0, 16, 16], "rotation": 90, "texture": "#1"}
			}
		},
		{
			"from": [6.5, 12.5, 7],
			"to": [8.5, 14.5, 9],
			"rotation": {"angle": 45, "axis": "z", "origin": [7.5, 13.5, 8.5]},
			"faces": {
				"north": {"uv": [0, 0, 16, 16], "rotation": 90, "texture": "#6"},
				"east": {"uv": [0, 0, 16, 16], "rotation": 90, "texture": "#6"},
				"south": {"uv": [0, 0, 16, 16], "rotation": 90, "texture": "#6"},
				"west": {"uv": [0, 0, 16, 16], "rotation": 90, "texture": "#6"},
				"up": {"uv": [0, 0, 16, 16], "rotation": 90, "texture": "#6"},
				"down": {"uv": [0, 0, 16, 16], "rotation": 90, "texture": "#6"}
			}
		},
		{
			"from": [6.5, 12.5, 8],
			"to": [8.5, 14.5, 10],
			"rotation": {"angle": 45, "axis": "z", "origin": [7.5, 13.5, 8.5]},
			"faces": {
				"north": {"uv": [0, 0, 16, 16], "rotation": 90, "texture": "#6"},
				"east": {"uv": [0, 0, 16, 16], "rotation": 90, "texture": "#6"},
				"south": {"uv": [0, 0, 16, 16], "rotation": 90, "texture": "#6"},
				"west": {"uv": [0, 0, 16, 16], "rotation": 90, "texture": "#6"},
				"up": {"uv": [0, 0, 16, 16], "rotation": 90, "texture": "#6"},
				"down": {"uv": [0, 0, 16, 16], "rotation": 90, "texture": "#6"}
			}
		}
	],
	"display": {
		"thirdperson_righthand": {
			"rotation": [0, 94, 0],
			"translation": [0, 3, 0.5]
		},
		"thirdperson_lefthand": {
			"rotation": [0, 94, 0],
			"translation": [0, 3, 1.5]
		},
		"firstperson_righthand": {
			"rotation": [16, 83, 0],
			"translation": [0, 3, 2.25]
		},
		"firstperson_lefthand": {
			"rotation": [16, -93, 0],
			"translation": [0, 3, 1.25]
		},
		"ground": {
			"rotation": [45, 0, 45],
			"translation": [0, 4.25, 0]
		},
		"gui": {
			"rotation": [145, 0, -140],
			"translation": [0.5, 0.25, 0],
			"scale": [0.9, 0.9, 0.9]
		},
		"head": {
			"rotation": [0, -90, 0],
			"translation": [0, 10, 0]
		},
		"fixed": {
			"translation": [0, 1.5, -1],
			"scale": [0.9, 0.9, 0.9]
		}
	}
}