{
  "parent": "minecraft:item/generated",
  "textures": {
    "layer0": "minecraft:item/axolotl_bucket"
  },
  "overrides":[
	{"predicate": {"custom_model_data": 0}, "model": "custom/axolotl_bucket/leucistic"},
	{"predicate": {"custom_model_data": 1}, "model": "custom/axolotl_bucket/wild"},
	{"predicate": {"custom_model_data": 2}, "model": "custom/axolotl_bucket/gold"},
	{"predicate": {"custom_model_data": 3}, "model": "custom/axolotl_bucket/cyan"},
	{"predicate": {"custom_model_data": 4}, "model": "custom/axolotl_bucket/blue"}
  ]
}