{"credit":"Created by Oran9eUtan","textures":{"1":"item/hats/dog/head","2":"item/hats/dog/body","3":"item/hats/dog/tail_and_hindlegs","4":"item/hats/dog/dream","particle":"item/hats/dog/tail_and_hindlegs"},"elements":[{"from":[5,0,2],"to":[11,6,6],"rotation":{"angle":0,"axis":"z","origin":[8.25,2.25,4]},"faces":{"north":{"uv":[2,2,5,5],"texture":"#1"},"east":{"uv":[0,2,2,5],"texture":"#1"},"south":{"uv":[0,5,3,8],"texture":"#1"},"west":{"uv":[5,2,7,5],"texture":"#1"},"up":{"uv":[3,2,0,0],"texture":"#1"},"down":{"uv":[6,0,3,2],"texture":"#1"}}},{"from":[6.5,0,-1],"to":[9.5,3,2],"rotation":{"angle":0,"axis":"z","origin":[8.25,2.25,4]},"faces":{"north":{"uv":[4.5,6.5,6,8],"texture":"#1"},"east":{"uv":[3,6.5,4.5,8],"texture":"#1"},"west":{"uv":[6,6.5,7.5,8],"texture":"#1"},"up":{"uv":[3,5,4.5,6.5],"rotation":180,"texture":"#1"},"down":{"uv":[6,5,4.5,6.5],"texture":"#1"}}},{"from":[7.75,6,4],"to":[9.5,7.75,5],"rotation":{"angle":45,"axis":"z","origin":[8.25,2.25,4]},"faces":{"north":{"uv":[7,5.5,8,6.5],"texture":"#1"},"east":{"uv":[6,5.5,6.5,6.5],"rotation":270,"texture":"#1"},"south":{"uv":[7,4.5,8,5.5],"rotation":180,"texture":"#1"},"west":{"uv":[6.5,5.5,7,6.5],"rotation":270,"texture":"#1"},"up":{"uv":[6,5,7,5.5],"rotation":270,"texture":"#1"}}},{"from":[11.7,1.75,4],"to":[13.45,3.5,5],"rotation":{"angle":45,"axis":"z","origin":[8,2.25,4]},"faces":{"north":{"uv":[7,5.5,8,6.5],"rotation":270,"texture":"#1"},"east":{"uv":[6,5,7,5.5],"rotation":90,"texture":"#1"},"south":{"uv":[7,4.5,8,5.5],"rotation":90,"texture":"#1"},"up":{"uv":[6.5,5.5,7,6.5],"rotation":90,"texture":"#1"},"down":{"uv":[6,5.5,6.5,6.5],"rotation":90,"texture":"#1"}}},{"from":[5.13636,0,2],"to":[11.13636,6,6],"rotation":{"angle":-22.5,"axis":"z","origin":[8,2.25,4]},"faces":{"north":{"uv":[10,2,13,5],"texture":"#1"},"east":{"uv":[8,2,10,5],"texture":"#1"},"south":{"uv":[8,5,11,8],"texture":"#1"},"west":{"uv":[13,2,15,5],"texture":"#1"},"up":{"uv":[11,2,8,0],"texture":"#1"},"down":{"uv":[14,0,11,2],"texture":"#1"}}},{"from":[6.63636,0,-1],"to":[9.63636,3,2],"rotation":{"angle":-22.5,"axis":"z","origin":[8,2.25,4]},"faces":{"north":{"uv":[12.5,6.5,14,8],"texture":"#1"},"east":{"uv":[11,6.5,12.5,8],"texture":"#1"},"west":{"uv":[14,6.5,15.5,8],"texture":"#1"},"up":{"uv":[11,5,12.5,6.5],"rotation":180,"texture":"#1"},"down":{"uv":[14,4.75,12.5,6.25],"texture":"#1"}}},{"from":[7.75,6.129,4],"to":[9.5,7.879,5],"rotation":{"angle":22.5,"axis":"z","origin":[8.25,2.25,4]},"faces":{"north":{"uv":[15,5.5,16,6.5],"texture":"#1"},"east":{"uv":[14,5.5,14.5,6.5],"rotation":270,"texture":"#1"},"south":{"uv":[15,4.5,16,5.5],"rotation":180,"texture":"#1"},"west":{"uv":[14.5,5.5,15,6.5],"rotation":270,"texture":"#1"},"up":{"uv":[14,5,15,5.5],"rotation":270,"texture":"#1"}}},{"from":[11.879,1.75,4],"to":[13.629,3.5,5],"rotation":{"angle":22.5,"axis":"z","origin":[8,2.25,4]},"faces":{"north":{"uv":[15,5.5,16,6.5],"rotation":270,"texture":"#1"},"east":{"uv":[14,5,15,5.5],"rotation":90,"texture":"#1"},"south":{"uv":[15,4.5,16,5.5],"rotation":90,"texture":"#1"},"up":{"uv":[14.5,5.5,15,6.5],"rotation":90,"texture":"#1"},"down":{"uv":[14,5.5,14.5,6.5],"rotation":90,"texture":"#1"}}},{"from":[4.95,-0.5,2.75],"to":[11.05,5.5,6.75],"rotation":{"angle":-22.5,"axis":"x","origin":[8.25,1.75,4.75]},"faces":{"north":{"uv":[2,10,5,13],"texture":"#1"},"east":{"uv":[0,10,2,13],"texture":"#1"},"south":{"uv":[0,13,3,16],"texture":"#1"},"west":{"uv":[5,10,7,13],"texture":"#1"},"up":{"uv":[3,10,0,8],"texture":"#1"},"down":{"uv":[6,8,3,10],"texture":"#1"}}},{"from":[6.5,-0.5,-0.25],"to":[9.5,2.5,2.75],"rotation":{"angle":-22.5,"axis":"x","origin":[8.25,1.75,4.75]},"faces":{"north":{"uv":[4.5,14.5,6,16],"texture":"#1"},"east":{"uv":[3,14.5,4.5,16],"texture":"#1"},"west":{"uv":[6,14.5,7.5,16],"texture":"#1"},"up":{"uv":[3,13,4.5,14.5],"rotation":180,"texture":"#1"},"down":{"uv":[6,13,4.5,14.5],"texture":"#1"}}},{"from":[7.75,5.5,3.25],"to":[9.5,7.25,4.25],"rotation":{"angle":45,"axis":"z","origin":[8.25,1.5,3.25]},"faces":{"north":{"uv":[7,13.5,8,14.5],"texture":"#1"},"east":{"uv":[6,13.5,6.5,14.5],"rotation":270,"texture":"#1"},"south":{"uv":[7,12.5,8,13.5],"rotation":180,"texture":"#1"},"west":{"uv":[6.5,13.5,7,14.5],"rotation":270,"texture":"#1"},"up":{"uv":[6,13,7,13.5],"rotation":270,"texture":"#1"}}},{"from":[11.75,1,3.25],"to":[13.5,2.75,4.25],"rotation":{"angle":45,"axis":"z","origin":[7.75,1.5,3.25]},"faces":{"north":{"uv":[7,13.5,8,14.5],"rotation":270,"texture":"#1"},"east":{"uv":[6,13,7,13.5],"rotation":90,"texture":"#1"},"south":{"uv":[7,12.5,8,13.5],"rotation":90,"texture":"#1"},"up":{"uv":[6.5,13.5,7,14.5],"rotation":90,"texture":"#1"},"down":{"uv":[6,13.5,6.5,14.5],"rotation":90,"texture":"#1"}}},{"from":[4.95,-0.5,2.75],"to":[11.05,5.5,6.75],"rotation":{"angle":-22.5,"axis":"x","origin":[8.25,1.75,4.75]},"faces":{"north":{"uv":[10,10,13,13],"texture":"#1"},"east":{"uv":[8,10,10,13],"texture":"#1"},"south":{"uv":[8,13,11,16],"texture":"#1"},"west":{"uv":[13,10,15,13],"texture":"#1"},"up":{"uv":[11,10,8,8],"texture":"#1"},"down":{"uv":[14,8,11,10],"texture":"#1"}}},{"from":[6.5,0.5,-0.25],"to":[9.5,2.5,2.75],"rotation":{"angle":-22.5,"axis":"x","origin":[8.25,1.75,4.75]},"faces":{"north":{"uv":[12.5,14.5,14,15.5],"texture":"#1"},"east":{"uv":[11,14.5,12.5,15.5],"texture":"#1"},"west":{"uv":[14,14.5,15.5,15.5],"texture":"#1"},"up":{"uv":[11,13,12.5,14.5],"rotation":180,"texture":"#1"},"down":{"uv":[14,13,12.5,14.5],"texture":"#1"}}},{"from":[6.55,-2.25,5],"to":[9.45,0.75,6],"rotation":{"angle":45,"axis":"x","origin":[8.25,2.75,3.75]},"faces":{"north":{"uv":[14,8,15.5,9.5],"texture":"#1"},"east":{"uv":[11,15.5,12.5,16],"rotation":90,"texture":"#1"},"south":{"uv":[14,13,12.5,14.5],"texture":"#1"},"west":{"uv":[14,15.5,15.5,16],"rotation":270,"texture":"#1"},"down":{"uv":[12.5,15.5,14,16],"rotation":180,"texture":"#1"}}},{"from":[7.75,5.5,3.25],"to":[9.5,7.25,4.25],"rotation":{"angle":45,"axis":"z","origin":[8.25,1.5,3.25]},"faces":{"north":{"uv":[15,13.5,16,14.5],"texture":"#1"},"east":{"uv":[14,13.5,14.5,14.5],"rotation":270,"texture":"#1"},"south":{"uv":[15,12.5,16,13.5],"rotation":180,"texture":"#1"},"west":{"uv":[14.5,13.5,15,14.5],"rotation":270,"texture":"#1"},"up":{"uv":[14,13,15,13.5],"rotation":270,"texture":"#1"}}},{"from":[11.75,1,3.25],"to":[13.5,2.75,4.25],"rotation":{"angle":45,"axis":"z","origin":[7.75,1.5,3.25]},"faces":{"north":{"uv":[15,13.5,16,14.5],"rotation":270,"texture":"#1"},"east":{"uv":[14,13,15,13.5],"rotation":90,"texture":"#1"},"south":{"uv":[13,12.5,14,13.5],"rotation":90,"texture":"#1"},"up":{"uv":[14.5,13.5,15,14.5],"rotation":90,"texture":"#1"},"down":{"uv":[14,13.5,14.5,14.5],"rotation":90,"texture":"#1"}}},{"from":[5,0,6],"to":[11,4.5,9],"rotation":{"angle":0,"axis":"y","origin":[12,8,14]},"faces":{"north":{"uv":[3,1.5,6,4],"texture":"#2"},"east":{"uv":[6,0,7.5,2.5],"texture":"#2"},"south":{"uv":[0,1.5,3,4],"texture":"#2"},"west":{"uv":[7.5,0,9,2.5],"texture":"#2"},"up":{"uv":[0,0,3,1.5],"texture":"#2"},"down":{"uv":[3,0,6,1.5],"texture":"#2"}}},{"from":[5.5,0,9],"to":[10.5,4,16],"rotation":{"angle":0,"axis":"y","origin":[14.5,8,17]},"faces":{"east":{"uv":[0,7.5,2,4],"rotation":270,"texture":"#2"},"south":{"uv":[0,7.5,2.5,9.5],"texture":"#2"},"west":{"uv":[5,7.5,7,4],"rotation":90,"texture":"#2"},"up":{"uv":[2.5,4,5,7.5],"texture":"#2"},"down":{"uv":[6.5,4,9,7.5],"texture":"#2"}}},{"from":[8.63636,0,2.08579],"to":[10.13636,1.5,6.08579],"rotation":{"angle":-45,"axis":"y","origin":[8,0,7.5]},"faces":{"north":{"uv":[4,10.5,5,11.5],"texture":"#2"},"east":{"uv":[0,9.5,1,11.5],"rotation":90,"texture":"#2"},"west":{"uv":[2,9.5,3,11.5],"rotation":90,"texture":"#2"},"up":{"uv":[1,9.5,2,11.5],"texture":"#2"},"down":{"uv":[3,9.5,4,11.5],"texture":"#2"}}},{"from":[5.86364,0,2.08579],"to":[7.36364,1.5,6.08579],"rotation":{"angle":45,"axis":"y","origin":[8,0,7.5]},"faces":{"north":{"uv":[5,10.5,4,11.5],"texture":"#2"},"east":{"uv":[1,9.5,0,11.5],"rotation":90,"texture":"#2"},"west":{"uv":[3,9.5,2,11.5],"rotation":90,"texture":"#2"},"up":{"uv":[1,11.5,2,9.5],"texture":"#2"},"down":{"uv":[3,11.5,4,9.5],"rotation":180,"texture":"#2"}}},{"from":[7.25,2.73097,15.34567],"to":[8.75,4.23097,19.34567],"rotation":{"angle":-45,"axis":"x","origin":[8,3.5,15.25]},"faces":{"east":{"uv":[0,0,2,4],"rotation":90,"texture":"#3"},"south":{"uv":[0,12,2,14],"texture":"#3"},"west":{"uv":[4,0,6,4],"rotation":270,"texture":"#3"},"up":{"uv":[2,0,4,4],"texture":"#3"},"down":{"uv":[6,0,8,4],"texture":"#3"}}},{"from":[7.25,2.73097,15.34567],"to":[8.75,4.23097,19.34567],"rotation":{"angle":0,"axis":"x","origin":[8,3.5,15.25]},"faces":{"north":{"uv":[4,12,6,14],"texture":"#3"},"east":{"uv":[0,4,2,8],"rotation":90,"texture":"#3"},"south":{"uv":[2,12,4,14],"texture":"#3"},"west":{"uv":[4,4,6,8],"rotation":270,"texture":"#3"},"up":{"uv":[2,4,4,8],"texture":"#3"},"down":{"uv":[6,4,8,8],"texture":"#3"}}},{"from":[7.25,-0.59567,14.48097],"to":[8.75,3.40433,15.98097],"rotation":{"angle":-45,"axis":"x","origin":[8,3.5,15.25]},"faces":{"north":{"uv":[6,8,8,12],"rotation":180,"texture":"#3"},"east":{"uv":[0,8,2,12],"texture":"#3"},"south":{"uv":[2,8,4,12],"texture":"#3"},"west":{"uv":[4,8,6,12],"texture":"#3"},"down":{"uv":[6,12,8,14],"texture":"#3"}}},{"from":[5.63636,-3,14.5],"to":[7.13636,1,16],"rotation":{"angle":-22.5,"axis":"x","origin":[6.63636,1,15.5]},"faces":{"north":{"uv":[10,0,12,4],"texture":"#3"},"east":{"uv":[8,0,10,4],"texture":"#3"},"south":{"uv":[14,0,16,4],"texture":"#3"},"west":{"uv":[12,0,14,4],"texture":"#3"},"down":{"uv":[0,14,2,16],"texture":"#3"}}},{"from":[8.88636,-3,14.5],"to":[10.38636,1,16],"rotation":{"angle":-22.5,"axis":"x","origin":[9.88636,1,15.5]},"faces":{"north":{"uv":[10,8,12,12],"texture":"#3"},"east":{"uv":[8,8,10,12],"texture":"#3"},"south":{"uv":[14,8,16,12],"texture":"#3"},"west":{"uv":[12,8,14,12],"texture":"#3"},"down":{"uv":[4,14,6,16],"texture":"#3"}}},{"from":[5.63636,-3,14.5],"to":[7.13636,1,15.9],"rotation":{"angle":0,"axis":"x","origin":[6.63636,1,15.5]},"faces":{"north":{"uv":[10,4,12,8],"texture":"#3"},"east":{"uv":[8,4,9.9,8],"texture":"#3"},"south":{"uv":[14,4,16,8],"texture":"#3"},"west":{"uv":[12,4,13.9,8],"texture":"#3"},"down":{"uv":[2,14,4,15.9],"texture":"#3"}}},{"from":[8.88636,-3,14.5],"to":[10.38636,1,15.9],"rotation":{"angle":0,"axis":"x","origin":[9.88636,1,15.5]},"faces":{"north":{"uv":[10,12,12,16],"texture":"#3"},"east":{"uv":[8,12,10,16],"texture":"#3"},"south":{"uv":[14,12,16,16],"texture":"#3"},"west":{"uv":[12,12,14,16],"texture":"#3"},"down":{"uv":[6,14,8,16],"texture":"#3"}}},{"from":[2,4,2],"to":[10,12,2],"rotation":{"angle":0,"axis":"y","origin":[10,12,10]},"faces":{"north":{"uv":[0,0,16,16],"texture":"#4"}}}],"display":{"thirdperson_righthand":{"rotation":[89,0,0],"translation":[0.25,-1.25,15.25],"scale":[0.4,0.4,0.4]},"thirdperson_lefthand":{"rotation":[89,0,0],"translation":[0.25,-1.25,15.25],"scale":[0.4,0.4,0.4]},"firstperson_righthand":{"rotation":[0,0,3],"translation":[4.25,2.25,0.25]},"firstperson_lefthand":{"rotation":[0,0,3],"translation":[4.25,2.25,0.25]},"ground":{"translation":[0,4,0],"scale":[0.6,0.6,0.6]},"gui":{"rotation":[30,150,0],"translation":[0,5,0]},"head":{"translation":[0,15.5,-1.75],"scale":[1.15,1.15,1.15]},"fixed":{"translation":[0,6.25,0],"scale":[1.3,1.3,0.22]}},"groups":[{"name":"head","origin":[8.25,2.25,4],"children":[{"name":"neutral","origin":[8,8,8],"children":[0,1,2,3]},{"name":"tilt_left","origin":[8,8,8],"children":[4,5,6,7]},{"name":"down","origin":[8,8,8],"children":[8,9,10,11]},{"name":"down_jawning","origin":[8,8,8],"children":[12,13,14,15,16]}]},{"name":"body","origin":[8,8,8],"children":[17,18,19,20]},{"name":"tail","origin":[8,8,8],"children":[21,22,23]},{"name":"hind_legs","origin":[8,8,8],"children":[24,25,26,27]},28]}