{
"parent": "item/handheld_rod",
"textures": {
"layer0": "item/carrot_on_a_stick"
},

"overrides": [
{"predicate": {"custom_model_data":1}, "model": "custom/queen_bee"},
{"predicate": {"custom_model_data":2}, "model": "block/air"},
{"predicate": {"custom_model_data":3}, "model": "custom/queen_bee2"},
{"predicate": {"custom_model_data":4}, "model": "custom/queen_bee3"},
{"predicate": {"custom_model_data":5}, "model": "custom/queen_bee4"},
{"predicate": {"custom_model_data":6}, "model": "custom/queen_bee5"},
{"predicate": {"custom_model_data":7}, "model": "custom/queen_bee6"},
{"predicate": {"custom_model_data":8}, "model": "custom/queen_bee7"},
{"predicate": {"custom_model_data":9}, "model": "custom/queen_bee8"},
{"predicate": {"custom_model_data":10}, "model": "custom/queen_bee_hurt"}
]
}